{
    "w1": 0.6856756210327148,
    "w2": 0.40014752745628357,
    "w3": -0.6490728259086609,
    "intercept": 0.009068071842193604
}