{
    "w1": 0.0,
    "w2": 0.0,
    "w3": 2.0035370819213234e-06,
    "intercept": -3.283726504898669e-07
}