{
    "w1": 1.6154029369354248,
    "w2": 1.4347248077392578,
    "w3": -2.17768931388855,
    "intercept": -0.6630734801292419
}