{
    "w1": 0.04832046001611078,
    "w2": 1.104391035283274,
    "w3": -0.26260742211105526,
    "intercept": 0.15801599990755585
}