{
    "w1": 0.0,
    "w2": 0.0,
    "w3": 0.0002047418390535528,
    "intercept": -3.509000181108198e-05
}