{
    "w1": 0.39426466822624207,
    "w2": 0.3542989492416382,
    "w3": -0.28803750872612,
    "intercept": 0.11892133951187134
}