{
    "w1": -2.193387269973755,
    "w2": -2.6947855949401855,
    "w3": 4.3850884437561035,
    "intercept": 1.6958420276641846
}